capability_id,capability,user_benefit,product_or_layer,status,actual_user_interface_today,enforcement_layer,source_file_or_function,supporting_test,current_commit_or_build,important_limits,screenshot_or_demo,evidence_class
"wallet-bch-payment","Send BCH to a recipient","Contributors can receive native BCH through the self-custody wallet","wallet","released","Yes","Application transaction builder plus wallet authorization","src/features/simple-send/SimpleSend.tsx; src/services/TransactionService.ts","src/services/__tests__/TransactionService.test.ts; src/utils/__tests__/cashAddress.test.ts","c9752680; npm 1.7.4 source checkout; public release status not re-certified here","No business approval workflow or batch payout UI; no recipient identity service; chain state remains authoritative","Existing wallet send UI is outside this pack; see source references","Wallet source and unit/integration tests"
"cashtoken-payment","Send BCH CashTokens with category and amount","Users can pay or receive fungible and NFT CashTokens while preserving token category and amount","wallet","released","Yes","Application token accounting and transaction construction; not a business covenant","src/components/transaction/CashTokenView.tsx; src/services/cashtokens/service.ts","src/services/__tests__/CashTokensService.test.ts; docs/cashtokens-nft-flow.md","c9752680; npm 1.7.4 source checkout; public release status not re-certified here","Token units are atomic and token dust/value rules still apply; fiat conversion and cash-out costs are not measured","Existing wallet token UI and tests; no investor capture generated","CashToken source and tests"
"merchant-recipient-asset-amount","Request a payout/payment by choosing recipient asset and amount","An operator can request a fixed PUSD or BCH amount and hand the buyer a QR payment request","wallet","implemented but unreleased","Yes","Application proposal construction and fixed-output template; no contract covenant enforcement","src/pages/apps/merchant-pay/MerchantPayApp.tsx; src/pages/apps/merchant-pay/merchantPayRequest.ts::buildMerchantPaymentRequest","src/pages/apps/merchant-pay/__tests__/MerchantPayApp.test.ts::builds a merchant transaction proposal from the current LP route; merchantPaymentProposal.test.ts","c9752680; npm 1.7.4; desktop/browser fixture runner","Quote depends on current liquidity data and expires; current E2E uses Chipnet test data; no successful broadcast was run","Desktop Merchant Pay amount and request captures; demonstration sequence","Real wallet UI; Chipnet fixture; review-only E2E"
"merchant-recipient-restriction","Keep the requested recipient and token output fixed","The buyer reviews the merchant output instead of editing the destination or amount","wallet","implemented but unreleased","Yes","Application validation of recipient locking bytecode and fixed outputs; not a generic contract spend policy","src/pages/apps/merchant-pay/merchantPaymentProposal.ts::deserializeMerchantPaymentProposal; src/pages/apps/merchant-pay/merchantPaymentMonitoring.ts::findMerchantPaymentObservation","src/pages/apps/merchant-pay/__tests__/merchantPaymentProposal.test.ts::rejects a proposal with mismatched token demand; merchantPaymentMonitoring.test.ts::ignores baseline wrong-category and wrong-amount outputs","c9752680; npm 1.7.4; desktop/browser fixture runner","The evidence is application/template validation and UTXO observation; it is not proof of a recipient allowlist covenant or final settlement","Buyer payment and review captures; demonstration step 3","Application-level proof; no contract-level business policy"
"merchant-payment-status","Observe an exact pending or confirmed merchant output","Operators can distinguish an exact 0-conf output from a positive-height confirmation","wallet","implemented but unreleased","Yes","Application UTXO matching by transaction and output token data; no claim of finality","src/pages/apps/merchant-pay/merchantPaymentMonitoring.ts::findMerchantPaymentObservation","src/pages/apps/merchant-pay/__tests__/merchantPaymentMonitoring.test.ts::recognizes an exact pending merchant output; ::recognizes confirmation from a positive chain height","c9752680; npm 1.7.4; current source checkout","Review-only E2E stopped before signing and broadcast; unit tests use deterministic UTXO snapshots and do not observe a chain","demonstration/sequence.md; test trace in logs/vitest.focused.log","Offline/mock test trace plus UI pre-broadcast state"
"x402-bch-http-payment","Handle an HTTP 402 BCH payment request and signed debit authorization","An agent or CLI can inspect a BCH price and repeat a request with a payment signature; funding can be reused for batched API calls","SDK","released","No; CLI surface only","Protocol and CLI checks; network/facilitator acceptance are external","crates/optn-cli/src/x402.rs::PaymentRequired::parse; ::choose_bch; ::Authorization; crates/optn-cli/src/main.rs::X402Command","crates/optn-cli/src/x402.rs unit tests; crates/optn-cli/README.md x402 examples","c9752680; optn-cli 1.7.3; target/debug binary built for validation","No wallet/mobile/web UI; this pack validates a local 402 check and offline unit behavior, not a live paid request","logs/x402-check.local.json; demonstration/sequence.md","Local loopback 402 trace plus offline Rust tests"
"addon-capability-policy","Gate add-on wallet operations by requested capability","Add-ons can be denied missing capabilities and produce audit entries instead of silently gaining wallet access","SDK","implemented but unreleased","No dedicated customer UI","Application policy engine and iframe bridge","src/services/addons/AddonPolicyEngine.ts; src/services/addons/AddonIframeBridge.ts; docs/addons-sdk.md","src/services/addons/__tests__/AddonPolicyEngine.test.ts; src/services/addons/__tests__/AddonIframeBridge.test.ts; src/services/addons/__tests__/SDKContract.test.ts","c9752680; npm 1.7.4; SDK contract version 1.6.0","Capabilities include sensitive operations such as tx:broadcast; policy evidence is not a released business admin console","Test trace in logs/vitest.focused.log","Application authorization and audit tests"
"custody-vault-release-control","Require owner/custodian/recovery authorization and a release time","Controlled funds can move through an explicit release state and finalize only after the contract timelock","contract tooling","implemented but unreleased","Generic contract UI exists; no dedicated business controls UI","CashScript validation enforces signer hashes transaction shape BCH-only inputs and time conditions","cashscript/CustodyVault.cash::refresh; ::beginRelease; ::finalize; ::recover; src/apis/ContractManager/ContractManager.tsx","src/apis/ContractManager/__tests__/custodyVault.test.ts::moves custody from active vault to release state; ::rejects extra inputs; ::rejects extra output; ::rejects release finalization before timelock","c9752680; bundled artifact compiler cashc 0.13.0-next.3; tests passed","Mock-provider/VM-style evidence only; no provider acceptance mempool confirmation or successor-spend evidence; token-bearing vault spends are rejected","demonstration/sequence.md; source/test trace in logs/vitest.focused.log","Contract source and deterministic tests; not a shipped business dashboard"
"token-based-authorization","Use an NFT-backed AuthGuard to gate a protected action","An NFT authority can act as a token-based access control primitive for a future controlled payout flow","contract tooling","prototype","Prototype UI exists as a built-in WIP app","Contract artifact and app construct the token-gated path; dedicated business policy coverage is not established","src/pages/apps/patient0/AuthGuardApp.tsx; src/apis/ContractManager/artifacts/AuthGuard.json; src/addons/builtin/index.ts::authguard","src/apis/ContractManager/__tests__/artifacts.test.ts; no dedicated negative AuthGuard spend suite identified","c9752680; npm 1.7.4; AuthGuard app is marked WIP with @ts-nocheck","Requires tx:broadcast capability in the add-on manifest; no evidence of production release or complete authorization matrix","README gap note; no UI capture claimed","WIP/prototype source; not contract-production proof"
"payment-caps","Per-user or per-budget payment caps","The future business platform would limit aggregate or per-recipient spend before approval","future platform","planned","No","Current x402 amount checks and Merchant Pay quote protection are request-level checks rather than a business budget cap","None for a dedicated cap module; related checks are crates/optn-cli/src/x402.rs::PaymentRequirements::satoshis and src/pages/apps/merchant-pay/merchantPayRequest.ts::quoteProtectionBps","None for a dedicated cap feature; related x402 and Merchant Pay tests","c9752680; current source checkout","No source/test evidence of a budget ledger aggregate cap or batch payout UI; do not present this as shipped","README remaining gaps","Negative capability finding from source inventory"
"release-timing","Time-delayed release of controlled funds","Teams can make release timing an explicit contract state transition rather than an off-chain promise","contract tooling","implemented but unreleased","Generic Contract View/function popup exists; no dedicated business controls UI","CustodyVault contract validation checks tx.time >= releaseAt during finalize","cashscript/CustodyVault.cash::finalize","src/apis/ContractManager/__tests__/custodyVault.test.ts::rejects release finalization before the timelock expires","c9752680; bundled artifact plus passing deterministic tests","Test uses mock provider and no live chain; timing is contract locktime evidence, not recipient availability or final settlement","Contract source/test trace; no dedicated screenshot claimed","Contract validation evidence"
